Id,Name,Birth Date,City,State,Group,Gender,Status,Year,Death Mission,Death Date,Space Flight (hr),Space Flights,Space Walks (hr),Space Walks,Military Rank,Military Branch
1,Joseph M. Acaba,5/17/1967,Inglewood, CA,19,Male,Active,2004,,,3307,2,13,2,,
2,Loren W. Acton,3/7/1936,Lewiston, MT,,Male,Retired,,,,190,1,0,0,,
3,James C. Adamson,3/3/1946,Warsaw, NY,10,Male,Retired,1984,,,334,2,0,0,Colonel,US Army (Retired)
4,Thomas D. Akers,5/20/1951,St. Louis, MO,12,Male,Retired,1987,,,814,4,29,4,Colonel,US Air Force (Retired)
5,Buzz Aldrin,1/20/1930,Montclair, NJ,3,Male,Retired,1963,,,289,2,8,2,Colonel,US Air Force (Retired)
6,Andrew M. Allen,8/4/1955,Philadelphia, PA,12,Male,Retired,1987,,,906,3,0,0,Lieutenant Colonel,US Marine Corps (Retired)
7,Joseph P. Allen,6/27/1937,Crawsfordsville, IN,6,Male,Retired,1967,,,313,2,12,2,,
8,Scott D. Altman,8/15/1959,Lincoln, IL,15,Male,Retired,1995,,,1236,4,0,0,Captain,US Navy (Retired)
9,William A. Anders,10/17/1933,Hong Kong,NA,3,Male,Retired,1963,,,147,1,0,0,Major General,US Air Force Reserves (Retired)
10,Clayton C. Anderson,2/23/1959,Omaha, NE,17,Male,Retired,1998,,,4005,2,38,6,,
11,Michael P. Anderson,12/25/1959,Plattsburgh, NY,15,Male,Deceased,1995,STS-107 (Columbia),2/1/2003,594,2,0,0,Lieutenant Colonel,US Air Force
12,Dominic A. Antonelli,8/23/1967,Detroit, MI,18,Male,Active,2000,,,579,2,0,0,Commander,US Navy
13,Jerome Apt III ,4/18/1949,Springfield, MA,11,Male,Retired,1985,,,847,4,11,2,,
14,Lee J. Archambault,8/25/1960,Oak Park, IL,17,Male,Retired,1998,,,639,2,0,0,Colonel,US Air Force
15,Neil A. Armstrong,8/5/1930,Wapakoneta, OH,2,Male,Deceased,1962,,8/25/2012,205,2,2,1,,
16,Richard R. Arnold II ,11/26/1963,Cheverly, MD,19,Male,Active,2004,,,307,1,12,2,,
17,Jeffrey S. Ashby,6/1/1954,Dallas, TX,15,Male,Retired,1995,,,655,3,0,0,Captain,US Navy (Retired)
18,Serena M. Aunon,4/9/1976,Indianapolis, IN,20,Female,Active,2009,,,0,0,0,0,,
19,James P. Bagian,2/22/1952,Philadelphia, PA,9,Male,Retired,1980,,,337,2,0,0,,
20,Ellen S. Baker,4/27/1953,Fayettesville, NC,10,Female,Retired,1984,,,686,3,0,0,,
21,Michael A. Baker,10/27/1953,Memphis, TN,11,Male,Management,1985,,,965,4,0,0,Captain,US Navy (Retired)
22,Michael R. Barratt,4/16/1959,Vancouver, WA,18,Male,Active,2000,,,5075,2,5,1,,
23,Daniel T. Barry,12/30/1953,Norwalk, CT,14,Male,Retired,1992,,,733,3,26,4,,
24,John-David F. Bartoe,11/17/1944,Abington, PA,,Male,Retired,,,,190,1,0,0,,
25,Charles A. Bassett II ,12/30/1931,Dayton, OH,3,Male,Deceased,1963,,2/28/1966,0,0,0,0,Captain,US Air Force
26,Alan L. Bean,3/15/1932,Wheeler, TX,3,Male,Retired,1963,,,1671,2,10,3,Captain,US Navy (Retired)
27,Robert L. Behnken,7/28/1970,Creve Couer, MO,18,Male,Active,2000,,,708,2,37,6,Colonel,US Air Force
28,John E. Blaha,8/26/1942,San Antonio, TX,9,Male,Retired,1980,,,3861,5,0,0,Colonel,US Air Force (Retired)
29,Michael J. Bloomfield,3/16/1959,Flint, MI,15,Male,Retired,1995,,,779,3,0,0,Colonel,US Air Force (Retired)
30,Guion S. Bluford Jr. ,11/22/1942,Philadelphia, PA,8,Male,Retired,1978,,,689,4,0,0,Colonel,US Air Force (Retired)
31,Karol J. Bobko,12/23/1937,New York, NY,7,Male,Retired,1969,,,386,3,0,0,Colonel,US Air Force (Retired)
32,Eric A. Boe,10/1/1964,Miami, FL,18,Male,Active,2000,,,687,2,0,0,Colonel,US Air Force
33,Charles F. Bolden Jr. ,8/19/1946,Columbia, SC,9,Male,Management,1980,,,680,4,0,0,Major General,US Marine Corps (Retired)
34,Frank Borman,3/14/1928,Gary, IN,2,Male,Retired,1962,,,477,2,0,0,Colonel,US Air Force (Retired)
35,Stephen G. Bowen,2/13/1964,Cohasset, MA,18,Male,Active,2000,,,970,3,47,7,Captain,US Navy
36,Kenneth D. Bowersox,11/14/1956,Portsmouth, VA,12,Male,Retired,1987,,,5078,5,13,2,Captain,US Navy (Retired)
37,Charles E. Brady Jr. ,8/12/1951,Pinehurst, NC,14,Male,Deceased,1992,,7/23/2006,405,1,0,0,Captain,US Navy
38,Vance D. Brand,5/9/1931,Longmont, CA,5,Male,Retired,1966,,,752,4,0,0,,US Marine Corps Reserves
39,Daniel C. Brandenstein,1/17/1943,Watertown, WI,8,Male,Retired,1978,,,789,4,0,0,Captain,US Navy (Retired)
40,Randolph J. Bresnik,9/11/1967,Fort Knox, KY,19,Male,Active,2004,,,259,1,12,2,Colonel,US Marine Corps
41,Roy D. Bridges Jr. ,7/19/1943,Atlanta, GA,9,Male,Retired,1980,,,190,1,0,0,Major General,US Air Force (Retired)
42,Curtis L. Brown Jr. ,3/11/1956,Elizabethtown, NC,12,Male,Retired,1987,,,1383,6,0,0,Colonel,US Air Force (Retired)
43,David M. Brown,4/16/1956,Arlington, VA,16,Male,Deceased,1996,STS-107 (Columbia),2/1/2003,382,1,0,0,Captain,US Navy
44,Mark N. Brown,11/18/1951,Valparaiso, IN,10,Male,Retired,1984,,,249,2,0,0,Colonel,US Air Force (Retired)
45,James F. Buchli,6/20/1945,New Rockford, ND,8,Male,Retired,1978,,,490,4,0,0,Colonel,US Marine Corps (Retired)
46,Jay Clark Buckey,6/6/1956,New York, NY,,Male,Retired,,,,381,1,0,0,,
47,John S. Bull,9/25/1934,Memphis, TN,5,Male,Deceased,1966,,8/11/2008,0,0,0,0,,
48,Daniel C. Burbank,7/27/1961,Machester, CT,16,Male,Active,1996,,,4512,3,7,1,Captain,US Coast Guard (Retired)
49,Daniel W. Bursch,7/25/1957,Bristol, PA,13,Male,Retired,1990,,,5446,4,12,2,Captain,US Navy (Retired)
50,Robert D. Cabana,1/23/1949,Minneapolis, MN,11,Male,Management,1985,,,910,4,0,0,Colonel,US Marine Corps (Retired)
51,Yvonne D. Cagle,4/24/1959,West Point, NY,16,Female,Management,1996,,,0,0,0,0,Colonel,US Air Force
52,Fernando Caldeiro,6/12/1958,Buenos Aires, Argentina,16,Male,Deceased,1996,,10/3/2009,0,0,0,0,,
53,Tracy E. Caldwell (Dyson),8/14/1969,Arcadia, CA,17,Female,Active,1998,,,4531,2,23,3,,
54,Charles J. Camarda,5/8/1952,Queens, NY,16,Male,Management,1996,,,333,1,0,0,,
55,Kenneth D. Cameron,11/29/1949,Cleveland, OH,10,Male,Retired,1984,,,562,3,0,0,Colonel,US Marine Corps (Retired)
56,Duane G. Carey,4/30/1957,St. Paul, MN,16,Male,Retired,1996,,,262,1,0,0,Lieutenant Colonel,US Air Force (Retired)
57,M. Scott Carpenter,5/1/1925,Boulder, CO,1,Male,Retired,1959,,,4,1,0,0,Commander,US Navy (Retired)
58,Gerald P. Carr,8/22/1932,Denver, CO,5,Male,Retired,1966,,,2017,1,16,3,Colonel,US Marine Corps (Retired)
59,Manley Lanier Carter Jr. ,8/15/1947,Macon, GA,10,Male,Deceased,1984,,4/5/1991,120,1,0,0,Captain,US Navy
60,John H. Casper,7/9/1943,Greenville, SC,10,Male,Management,1984,,,825,4,0,0,Colonel,US Air Force (Retired)
61,Christopher J. Cassidy,1/4/1970,Salem, MA,19,Male,Active,2004,,,4376,1,31,6,Commander,US Navy
62,Robert Cenker,11/5/1948,Uniontown, PA,,Male,Retired,,,,146,1,0,0,,
63,Eugene A. Cernan,3/14/1934,Chicago, IL,3,Male,Retired,1963,,,566,3,24,4,Captain,US Navy (Retired)
64,Roger B. Chaffee,2/15/1935,Grand Rapids, MI,3,Male,Deceased,1963,Apollo 1,1/27/1967,0,1,0,0,Lieutenant Commander,US Navy
65,Gregory E. Chamitoff,8/6/1962,Montreal, Canada,17,Male,Active,1998,,,4770,2,13,2,,
66,Franklin R. Chang-Diaz,4/5/1950,San Jose, Costa Rica,9,Male,Retired,1980,,,1602,7,19,3,,
67,Philip K. Chapman,3/5/1935,Melbourne, Australia,6,Male,Retired,1967,,,0,0,0,0,,
68,Kalpana Chawla,6/1/1961,Karnal, India,15,Female,Deceased,1995,STS-107 (Columbia),2/1/2003,734,2,0,0,,
69,Leroy Chiao,8/28/1960,Milwaukee, WI,13,Male,Retired,1990,,,5503,4,36,6,,
70,Kevin P. Chilton,3/11/1954,Los Angeles, CA,12,Male,Retired,1987,,,700,3,0,0,Brigadier General,US Air Force (Retired)
71,Laurel B. Clark,3/10/1961,Ames, IA,16,Female,Deceased,1996,STS-107 (Columbia),2/1/2003,382,1,0,0,Captain,US Navy
72,Mary L. Cleave,2/5/1947,Southampton, NY,9,Female,Retired,1980,,,262,2,0,0,,
73,Michael R. Clifford,10/13/1952,San Bernardino, CA,13,Male,Retired,1990,,,666,3,6,1,Lieutenant Colonel,US Army (Retired)
74,Michael L. Coats,1/16/1946,Sacramento, CA,8,Male,Retired,1978,,,463,3,0,0,Captain,US Navy (Retired)
75,Kenneth D. Cockrell,4/9/1950,Austin, TX,13,Male,Management,1990,,,1548,5,0,0,,US Naval Reserves
76,Catherine G. Coleman,12/14/1960,Charleston, SC,14,Female,Active,1992,,,4324,3,0,0,Colonel,US Air Force (Retired)
77,Eileen M. Collins,11/19/1959,Elmira, NY,13,Female,Retired,1990,,,890,4,0,0,Colonel,US Air Force (Retired)
78,Michael Collins,10/31/1930,Rome, Italy,3,Male,Retired,1963,,,266,2,1,1,,US Air Force Reserves
79,Charles Conrad Jr. ,5/2/1930,Philadelphia, PA,2,Male,Deceased,1962,,7/8/1999,1179,4,12,4,Captain,US Navy (Retired)
80,L. Gordon Cooper Jr. ,3/6/1927,Shawnee, OK,1,Male,Deceased,1959,,10/4/2004,225,2,0,0,Colonel,US Air Force (Retired)
81,Richard O. Covey,8/1/1946,Fayetteville, AR,8,Male,Retired,1978,,,645,4,0,0,Colonel,US Air Force (Retired)
82,Timothy J. Creamer,11/15/1959,Ft. Huachuca, AZ,17,Male,Management,1998,,,3917,1,0,0,Colonel,US Army (Retired)
83,John O. Creighton,4/28/1943,Orange, TX,8,Male,Retired,1978,,,404,3,0,0,Captain,US Navy (Retired)
84,Robert L. Crippen,9/11/1937,Beaumont, TX,7,Male,Retired,1969,,,565,4,0,0,Captain,US Navy (Retired)
85,Roger K. Crouch,9/12/1940,Jamestown, TN,,Male,Retired,,,,471,1,0,0,,
86,Frank L. Culbertson Jr. ,5/15/1949,Charleston, SC,10,Male,Retired,1984,,,3446,3,5,1,Captain,US Navy (Retired)
87,Walter Cunningham,3/16/1932,Creston, IA,3,Male,Retired,1963,,,260,1,0,0,Colonel,US Marine Corps Reserves
88,Robert L. Curbeam Jr. ,3/5/1962,Baltimore, MD,15,Male,Retired,1995,,,902,3,45,7,Captain,US Navy (Retired)
89,Nancy J. Currie,12/29/1958,Wilmington, DE,13,Female,Management,1990,,,999,4,0,0,Colonel,US Army (Retired)
90,N. Jan Davis,11/1/1953,Cocoa Beach, FL,12,Female,Retired,1987,,,673,3,0,0,,
91,Lawrence J. Delucas,7/11/1950,Syracuse, NY,,Male,Retired,,,,331,1,0,0,,
92,Alvin B. Drew Jr. ,11/5/1962,Washington, DC,18,Male,Active,2000,,,613,2,13,2,Colonel,US Air Force
93,Brian Duffy,6/20/1953,Boston, MA,11,Male,Retired,1985,,,977,4,0,0,Colonel,US Air Force (Retired)
94,Charles M. Duke Jr. ,10/3/1935,Charlotte, NC,5,Male,Retired,1966,,,265,1,20,3,Brigadier General,US Air Force (Retired)
95,Bonnie J. Dunbar,3/3/1949,Sunnyside, WA,9,Female,Retired,1980,,,1207,5,0,0,,
96,Samuel T. Durrance,9/17/1943,Tallahassee, FL,,Male,Retired,,,,614,2,0,0,,
97,James P. Dutton Jr. ,11/20/1968,Eugene, OR,19,Male,Management,2004,,,362,1,0,0,Colonel,US Air Force
98,Joe F. Edwards Jr. ,2/3/1958,Richmond, VA,15,Male,Retired,1995,,,211,1,0,0,Commander,US Navy (Retired)
99,Donn F. Eisele,5/23/1930,Columbus, OH,3,Male,Deceased,1963,,12/2/1987,260,1,0,0,Colonel,US Air Force (Retired)
100,Anthony W. England,5/15/1942,Indianapolis, IN,6,Male,Retired,1967,,,190,1,0,0,,
101,Joe H. Engle,8/26/1932,Dickinson, KS,5,Male,Retired,1966,,,224,2,0,0,Major General,US Air Force (Retired)
102,Jeanette J. Epps,11/3/1970,Syracuse, NY,20,Female,Active,2009,,,0,0,0,0,,
103,Ronald E. Evans Jr. ,11/10/1933,St. Francis, KS,5,Male,Deceased,1966,,4/6/1990,301,1,1,1,Captain,US Navy (Retired)
104,John M. Fabian,1/28/1939,Goosecreek, TX,8,Male,Retired,1978,,,316,2,0,0,Colonel,US Air Force (Retired)
105,Christopher J. Ferguson,9/1/1961,Philadelphia, PA,17,Male,Retired,1998,,,970,3,0,0,Captain,US Navy (Retired)
106,Martin J. Fettman,12/31/1956,Brooklyn, NY,,Male,Retired,,,,336,1,0,0,,
107,Andrew J. Feustel,8/25/1965,Lancaster, PA,18,Male,Active,2000,,,687,2,42,6,,
108,E. Michael Fincke,3/14/1967,Pittsburgh, PA,16,Male,Active,1996,,,9159,3,48,9,Colonel,US Air Force
109,Jack D. Fischer,1/23/1974,Louisville, CO,20,Male,Active,2009,,,0,0,0,0,,
110,Anna L. Fisher,8/24/1949,New York, NY,8,Female,Management,1978,,,191,1,0,0,,
111,William F. Fisher,4/1/1946,Dallas, TX,9,Male,Retired,1980,,,170,1,12,2,,
112,C. Michael Foale,1/6/1957,Louth, England,12,Male,Active,1987,,,8970,6,22,4,,
113,Kevin A. Ford,7/7/1960,Portland, IN,18,Male,Active,2000,,,3781,2,0,0,Colonel,US Air Force (Retired)
114,Michael J. Foreman,3/29/1957,Columbus, OH,17,Male,Management,1998,,,637,2,32,5,Captain,US Navy (Retired)
115,Patrick G. Forrester,3/31/1957,El Paso, TX,16,Male,Management,1996,,,950,3,25,4,Colonel,US Army (Retired)
116,Michael E. Fossum,12/19/1957,Sioux Falls, SD,17,Male,Active,1998,,,4651,3,48,7,,US Air Force Reserves (Retired)
117,Theodore C. Freeman,2/18/1930,Haversford, PA,3,Male,Deceased,1963,,10/31/1964,0,0,0,0,Captain,US Air Force
118,Stephen N. Frick,9/30/1961,Pittsburgh, PA,16,Male,Management,1996,,,566,2,0,0,Captain,US Navy (Retired)
119,C. Gordon Fullerton,10/11/1936,Rochester, NY,7,Male,Retired,1969,,,382,2,0,0,Colonel,US Air Force (Retired)
120,F. Andrew Gaffney,6/9/1946,Carlsbad, NM,,Male,Retired,,,,218,1,0,0,,
121,Ronald J. Garan Jr. ,10/20/1961,Yonkers, NY,18,Male,Management,2000,,,4271,2,27,4,Colonel,US Air Force (Retired)
122,Dale A. Gardner,11/8/1948,Fairmont, MN,8,Male,Retired,1978,,,336,2,12,2,Captain,US Navy (Retired)
123,Guy S. Gardner,1/6/1948,Alta Vista, VA,9,Male,Retired,1980,,,320,2,0,0,Colonel,US Air Force (Retired)
124,Jake Garn,10/12/1932,Richfield. UT,NA,,Male,Retired,,,,167,1,0,0,,
125,Owen K. Garriott,11/22/1930,Enid, OK,4,Male,Retired,1965,,,1674,2,14,3,,
126,Charles D. Gemar,8/4/1955,Yanktown, SD,11,Male,Retired,1985,,,581,3,0,0,Lieutenant Colonel,US Army
127,Michael L. Gernhardt,5/4/1956,Mansfield, OH,14,Male,Management,1992,,,1039,4,23,4,,
128,Edward G. Gibson,11/8/1936,Buffalo, NY,4,Male,Retired,1965,,,2017,1,15,3,,
129,Robert L. Gibson,10/30/1946,Cooperstown, NY,8,Male,Retired,1978,,,868,5,0,0,Captain,US Navy (Retired)
130,Edward G. Givens Jr. ,1/5/1930,Quanah, TX,5,Male,Deceased,1966,,6/6/1967,0,0,0,0,Major,US Air Force
131,John H. Glenn Jr. ,7/18/1921,Cambridge, OH,1,Male,Retired,1959,,,218,2,0,0,Colonel,US Marine Corps (Retired)
132,Linda M. Godwin,7/2/1952,Cape Girardeau, MO,11,Female,Retired,1985,,,918,4,10,2,,
133,Michael T. Good,10/13/1962,Parma, OH,18,Male,Management,2000,,,592,2,30,4,Colonel,US Air Force (Retired)
134,Richard F. Gordon Jr. ,10/5/1929,Seattle, WA,3,Male,Retired,1963,,,315,2,0.5,1,Captain,US Navy (Retired)
135,Dominic L. Gorie,5/2/1957,Lake Charles, LA,15,Male,Retired,1995,,,1167,4,0,0,Captain,US Navy (Retired)
136,Ronald J. Grabe,6/13/1945,New York, NY,9,Male,Retired,1980,,,627,4,0,0,Colonel,US Air Force (Retired)
137,Duane E. Graveline,3/2/1931,Newport, VT,4,Male,Retired,1965,,,0,0,0,0,,
138,Frederick D. Gregory,1/7/1941,Washington, DC,8,Male,Retired,1978,,,455,3,0,0,Colonel,US Air Force (Retired)
139,William G. Gregory,5/14/1957,Lockport, NY,13,Male,Retired,1990,,,399,1,0,0,Lieutenant Colonel,US Air Force
140,S. David Griggs,9/7/1939,Portland, OR,8,Male,Deceased,1978,,6/17/1989,167,1,3,1,,
141,Virgil I. Grissom,4/3/1926,Mitchell, IN,1,Male,Deceased,1959,Apollo 1,1/27/1967,5,2,0,0,Lieutenant Colonel,US Air Force
142,John M. Grunsfeld,10/10/1958,Chicago, IL,14,Male,Management,1992,,,1407,5,58,8,,
143,Sidney M. Gutierrez,6/27/1951,Albuquerque, NM,10,Male,Retired,1984,,,488,2,0,0,Colonel,US Air Force (Retired)
144,Fred W. Haise Jr. ,11/14/1933,Biloxi, MS,5,Male,Retired,1966,,,142,1,0,0,,
145,James D. Halsell Jr. ,9/29/1956,Monroe, LA,13,Male,Retired,1990,,,1258,5,0,0,Colonel,US Air Force (Retired)
146,Kenneth T. Ham,12/12/1964,Plainfield, NJ,17,Male,Retired,1998,,,612,2,0,0,Captain,US Navy
147,L. Blaine Hammond Jr. ,1/16/1952,Savannah, GA,10,Male,Retired,1984,,,462,2,0,0,Colonel,US Air Force (Retired)
148,Gregory J. Harbaugh,4/15/1956,Cleveland, OH,12,Male,Retired,1987,,,817,4,18,3,,
149,Bernard A. Harris Jr. ,6/26/1956,Temple, TX,13,Male,Retired,1990,,,438,2,5,1,,
150,Terry J. Hart,10/27/1946,Pittsburgh, PA,8,Male,Retired,1978,,,167,1,0,0,,
151,Henry W. Hartsfield Jr. ,11/21/1933,Birmingham, AL,7,Male,Retired,1969,,,482,3,0,0,Colonel,US Air Force (Retired)
152,Frederick H. Hauck,4/11/1941,Long Beach, CA,8,Male,Retired,1978,,,435,3,0,0,Captain,US Navy (Retired)
153,Steven A. Hawley,12/12/1951,Ottawa, KS,8,Male,Retired,1978,,,770,5,0,0,,
154,Susan J. Helms,2/26/1958,Charlotte, NC,13,Female,Retired,1990,,,5063,5,9,1,Lieutenant General,US Air Force
155,Karl G. Henize,10/17/1926,Cincinnati, OH,6,Male,Deceased,1967,,10/5/1993,190,1,0,0,,
156,Thomas J. Hennen,8/17/1952,Albany, GA,,Male,Retired,,,,166,1,0,0,Chief Warrant Officer,US Army (Retired)
157,Terence T. Henricks,7/5/1952,Bryan, OH,11,Male,Retired,1985,,,1026,4,0,0,Colonel,US Air Force (Retired)
158,Jose M. Hernandez,8/7/1962,French Camp, CA,19,Male,Retired,2004,,,332,1,0,0,,
159,John B. Herrington,9/14/1958,Wetumka, OK,16,Male,Retired,1996,,,330,1,20,3,Commander,US Navy (Retired)
160,Richard J. Hieb,9/21/1955,Jamestown, ND,11,Male,Retired,1985,,,766,3,18,3,,
161,Joan E. Higginbotham,8/3/1964,Chicago, IL,16,Female,Retired,1996,,,308,1,0,0,,
162,David C. Hilmers,1/28/1950,Clinton, IA,9,Male,Retired,1980,,,494,4,0,0,Colonel,US Marine Corps (Retired)
163,Kathryn P. Hire,8/26/1959,Mobile, AL,15,Female,Management,1995,,,711,2,0,0,Captain,US Naval Reserves
164,Charles O. Hobaugh,11/5/1961,Bar Harbor, ME,16,Male,Retired,1996,,,873,3,0,0,Colonel,US Marine Corps (Retired)
165,Jeffrey A. Hoffman,11/2/1944,Brooklyn, NY,8,Male,Retired,1978,,,1211,5,25,4,,
166,Donald L. Holmquest,4/7/1939,Dallas, TX,6,Male,Retired,1967,,,0,0,0,0,,
167,Michael S. Hopkins,12/28/1968,Lebanon, MO,20,Male,Active,2009,,,3990,1,13,2,Colonel,US Air Force
168,Scott J. Horowitz,3/24/1957,Philadelphia, PA,14,Male,Retired,1992,,,1137,4,0,0,Colonel,US Air Force (Retired)
169,Millie Hughes-Fulford,12/21/1945,Mineral Wells, TX,,Female,Retired,,,,218,1,0,0,,
170,Douglas G. Hurley,10/21/1966,Endicott, NY,18,Male,Active,2000,,,683,2,0,0,Colonel,US Marine Corps
171,Rick D. Husband,7/12/1957,Amarillo, TX,15,Male,Deceased,1995,STS-107 (Columbia),2/1/2003,617,2,0,0,Colonel,US Air Force
172,James B. Irwin,3/17/1930,Pittsburgh, PA,5,Male,Deceased,1966,,8/8/1991,295,1,20,3,Colonel,US Air Force (Retired)
173,Marsha S. Ivins,4/15/1951,Baltimore, MD,10,Female,Retired,1984,,,1341,5,0,0,,
174,Gregory B. Jarvis,8/24/1944,Detroit, MI,,Male,Deceased,,STS 51-L (Challenger),1/28/1986,0,1,0,0,,
175,Mae C. Jemison,10/17/1956,Decatur, AL,12,Female,Retired,1987,,,190,1,0,0,,
176,Tamara E. Jernigan,5/7/1959,Chattanooga, TN,11,Female,Retired,1985,,,1489,5,8,1,,
177,Brent W. Jett,10/5/1958,Pontiac, MI,14,Male,Retired,1992,,,1002,4,0,0,Captain,US Navy (Retired)
178,Gregory C. Johnson,7/30/1954,Seattle, WA,17,Male,Management,1998,,,309,1,0,0,Captain,US Navy (Retired)
179,Gregory H. Johnson,5/12/1962,London, England,17,Male,Active,1998,,,755,2,0,0,Colonel,US Air Force (Retired)
180,Thomas D. Jones,1/22/1955,Baltimore, MD,13,Male,Retired,1990,,,1272,4,20,3,,
181,Janet L. Kavandi,7/17/1959,Springfield, MO,15,Female,Management,1995,,,812,3,0,0,,
182,James M. Kelly,5/14/1964,Burlington, IA,16,Male,Management,1996,,,641,2,0,0,Colonel,US Air Force (Retired)
183,Mark E. Kelly,2/21/1964,Orange, NJ,16,Male,Retired,1996,,,1298,4,0,0,Captain,US Navy (Retired)
184,Scott J. Kelly,2/21/1964,Orange, NJ,16,Male,Active,1996,,,12490,4,18,3,Captain,US Navy (Retired)
185,Joseph P. Kerwin,2/19/1932,Oak Park, IL,4,Male,Retired,1965,,,672,1,3,1,Captain,US Navy (Retired)
186,Susan L. Kilrain (Still),10/24/1961,Augusta, GA,15,Female,Retired,1995,,,472,2,0,0,Commander,US Navy (Retired)
187,Robert Shane Kimbrough,6/4/1967,Killeen, TX,19,Male,Active,2004,,,3720,3,25,4,Colonel,US Army
188,Timothy L. Kopra,4/9/1963,Austin, TX,18,Male,Active,2000,,,5857,2,13,3,Colonel,US Army (Retired)
189,Kevin R. Kregel,9/16/1956,New York, NY,14,Male,Retired,1992,,,1265,4,0,0,,
190,Wendy B. Lawrence,7/2/1959,Jacksonville, FL,14,Female,Retired,1992,,,1223,4,0,0,Captain,US Navy (Retired)
191,Mark C. Lee,8/14/1952,Viroqua, WI,10,Male,Retired,1984,,,789,4,26,4,Colonel,US Air Force (Retired)
192,David C. Leestma,5/6/1949,Muskegon, MI,9,Male,Management,1980,,,532,3,3,1,Captain,US Navy (Retired)
193,William B. Lenoir,3/14/1939,Miami, FL,6,Male,Deceased,1967,,8/26/2012,122,1,0,0,,
194,Fred W. Leslie,12/19/1951,Ancon, Panama,,Male,Retired,,,,381,1,0,0,,
195,Byron K. Lichtenberg,2/19/1948,Stroudsburg, PA,,Male,Retired,,,,461,2,0,0,,
196,Don L. Lind,5/18/1930,Midvale, UT,5,Male,Retired,1966,,,168,1,0,0,,
197,Kjell N. Lindgren,1/23/1973,Taipei, Taiwan,20,Male,Active,2009,,,3400,1,15,2,,
198,Steven W. Lindsey,8/24/1960,Arcadia, CA,15,Male,Retired,1995,,,1510,5,0,0,Colonel,US Air Force (Retired)
199,Jerry M. Linenger,1/16/1955,Mount Clemens, MI,14,Male,Retired,1992,,,3435,2,5,1,Captain,US Navy (Retired)
200,Richard M. Linnehan,9/19/1957,Lowell, MA,14,Male,Management,1992,,,1427,4,43,6,,
201,Gregory T. Linteris,10/4/1957,Demarest, NJ,,Male,Retired,,,,471,2,0,0,,
202,John A. Llewellyn,4/22/1933,Cardiff, Wales,6,Male,Retired,1967,,,0,0,0,0,,
203,Paul S. Lockhart,4/28/1956,Amarillo, TX,16,Male,Retired,1996,,,663,2,0,0,Colonel,US Air Force (Retired)
204,Michael E. Lopez-Alegria,5/30/1958,Madrid, Spain,14,Male,Retired,1992,,,6190,3,67,10,Captain,US Navy (Retired)
205,Christopher J. Loria,7/9/1960,Belmont, MA,16,Male,Retired,1996,,,0,0,0,0,Colonel,US Marine Corps (Retired)
206,J. Mike Lounge,6/28/1946,Denver, CO,9,Male,Deceased,1980,,3/1/2011,483,3,0,0,,
207,Jack R. Lousma,2/29/1936,Grand Rapids, MI,5,Male,Retired,1966,,,1619,2,11,2,Colonel,US Marine Corps (Retired)
208,Stanley G. Love,6/8/1965,San Diego, CA,17,Male,Management,1998,,,306,1,15,2,,
209,James A. Lovell Jr. ,3/25/1928,Cleveland, OH,2,Male,Retired,1962,,,715,4,0,0,Captain,US Navy (Retired)
210,G. David Low,2/19/1956,Cleveland, OH,10,Male,Deceased,1984,,3/15/2008,714,3,6,1,,
211,Edward T. Lu,7/1/1963,Springfield, MA,15,Male,Retired,1995,,,4962,3,6,1,,
212,Shannon W. Lucid,1/14/1943,Shanghai, China,8,Female,Retired,1978,,,5354,5,0,0,,
213,Sandra H. Magnus,10/30/1964,Belleville, IL,16,Female,Retired,1996,,,3776,3,0,0,,
214,Thomas H. Marshburn,8/29/1960,Statesville, NC,19,Male,Active,2004,,,3871,2,24,4,,
215,Michael J. Massimino,8/19/1962,Oceanside, NY,16,Male,Management,1996,,,571,2,30,4,,
216,Richard A. Mastracchio,2/11/1960,Waterbury, CT,16,Male,Active,1996,,,5461,4,53,9,,
217,Thomas K. Mattingly II ,3/17/1936,Chicago, IL,5,Male,Retired,1966,,,508,3,1,1,Rear Admiral,US Navy (Retired)
218,K. Megan McArthur,8/30/1971,Honolulu, HI,18,Female,Active,2000,,,309,1,0,0,,
219,William S. McArthur Jr. ,7/26/1951,Laurinburg, NC,3,Male,Management,1990,,,5398,4,24,4,Colonel,US Army (Retired)
220,S. Christa McAuliffe,9/2/1948,Boston, MA,,Female,Deceased,,STS 51-L (Challenger),1/28/1986,0,1,0,0,,
221,Jon A. McBride,8/14/1943,Charleston, WV,8,Male,Retired,1978,,,197,1,0,0,Captain,US Navy (Retired)
222,Bruce McCandless II ,6/8/1937,Boston, MA,5,Male,Retired,1966,,,312,2,12,2,Captain,US Navy (Retired)
223,William C. McCool,9/23/1961,San Diego, CA,16,Male,Deceased,1996,STS-107 (Columbia),2/1/2003,382,1,0,0,Commander,US Navy
224,Michael J. McCulley,8/4/1943,San Diego, CA,10,Male,Retired,1984,,,119,1,0,0,Captain,US Navy (Retired)
225,James A. McDivitt,6/10/1929,Chicago, IL,2,Male,Retired,1984,,,338,2,0,0,Brigadier General,US Air Force (Retired)
226,Donald R. McMonagle,5/14/1952,Flint, MI,12,Male,Retired,1987,,,605,3,0,0,Colonel,US Air Force (Retired)
227,Ronald E. McNair,10/21/1950,Lake City, SC,8,Male,Deceased,1978,STS 51-L (Challenger),1/28/1986,191,2,0,0,,
228,Carl J. Meade,11/16/1950,Chanute Air Force Base, IL,11,Male,Retired,1985,,,712,3,6,1,Colonel,US Air Force (Retired)
229,Bruce E. Melnick,12/5/1949,New York, NY,12,Male,Retired,1987,,,311,2,0,0,Commander,US Coast Guard (Retired)
230,Pamela A. Melroy,9/17/1961,Palo Alto, CA,15,Female,Retired,1995,,,914,3,0,0,Colonel,US Air Force (Retired)
231,Leland D. Melvin,2/15/1964,Lynchburg, VA,17,Male,Management,1998,,,565,2,0,0,,
232,Dorothy M. Metcalf-Lindenberger,5/2/1975,Colorado Springs, CO,19,Female,Active,2004,,,362,1,0,0,,
233,F. Curtis Michel,6/5/1934,LaCrosse, WI,4,Male,Retired,1965,,,0,0,0,0,,
234,Edgar D. Mitchell,9/17/1930,Hereford, TX,5,Male,Retired,1966,,,216,1,9,2,Captain,US Navy (Retired)
235,Barbara R. Morgan,11/28/1951,Fresno, CA,17,Female,Retired,1998,,,305,1,0,0,,
236,Lee M. Morin,9/9/1952,Manchester, NH,16,Male,Management,1996,,,259,1,14,2,Captain,US Navy
237,Richard M. Mullane,9/10/1945,Wichita Falls, TX,8,Male,Retired,1978,,,356,3,0,0,Colonel,US Air Force (Retired)
238,Story Musgrave,8/19/1935,Boston, MA,6,Male,Retired,1967,,,1281,6,26,4,,
239,Steven R. Nagel,10/27/1946,Canton, IL,8,Male,Retired,1978,,,721,4,0,0,Colonel,US Air Force (Retired)
240,Bill Nelson,9/29/1942,Miami, FL,,Male,Retired,,,,146,1,0,0,Captain,US Army (Retired)
241,George D. Nelson,7/13/1950,Charles City, IA,8,Male,Retired,1978,,,411,3,10,2,,
242,James H. Newman,10/16/1956,San Diego, CA,13,Male,Retired,1990,,,1042,4,43,6,,
243,Carlos I. Noriega,10/8/1959,Lima, Peru,15,Male,Retired,1995,,,481,2,19,3,Lieutenant Colonel,US Marine Corps (Retired)
244,Lisa M. Nowak,5/10/1963,Washington, DC,16,Female,Retired,1996,,,306,1,0,0,Captain,US Navy (Retired)
245,Karen L. Nyberg,10/7/1969,Parker's Prairie, MN,18,Female,Active,2000,,,4320,2,0,0,,
246,Bryan D. O'Connor,9/6/1946,Orange, CA,9,Male,Retired,1980,,,383,2,0,0,Colonel,US Marine Corps (Retired)
247,Brian T. O'Leary,1/27/1940,Boston, MA,6,Male,Deceased,1967,,7/28/2011,0,0,0,0,,
248,Ellen Ochoa,5/10/1958,Los Angeles, CA,13,Female,Management,1990,,,979,4,0,0,,
249,William A. Oefelein,3/29/1965,Ft. Belvoir, VA,17,Male,Retired,1998,,,308,1,0,0,Commander,US Navy (Retired)
250,John D. Olivas,5/25/1966,North Hollywood, CA,17,Male,Retired,1998,,,665,2,34,5,,
251,Ellison S. Onizuka,6/24/1946,Kealakekua, HI,8,Male,Deceased,1978,STS 51-L (Challenger),1/28/1986,73,2,0,0,Lieutenant Colonel,US Air Force
252,Stephen S. Oswald,6/30/1951,Seattle, WA,11,Male,Retired,1985,,,814,3,0,0,,
253,Robert F. Overmyer,7/14/1936,Lorain, OH,7,Male,Deceased,1969,,3/22/1996,290,2,0,0,Colonel,US Marine Corps (Retired)
254,William A. Pailes,6/26/1952,Hackensack, NJ,,Male,Retired,,,,97,1,0,0,Colonel,US Air Force (Retired)
255,Scott E. Parazynski,7/28/1961,Little Rock, AR,14,Male,Retired,1992,,,1404,5,47,7,,
256,Ronald A. Parise,5/24/1951,Warren, OH,,Male,Deceased,,,5/9/2008,614,2,0,0,,
257,Robert A. Parker,12/14/1936,New York, NY,6,Male,Retired,1967,,,462,2,0,0,,
258,Niclolas J. M. Patrick,3/22/1964,North Yorkshire, England,17,Male,Retired,1998,,,638,2,18,3,,
259,James A. Pawelczyk,9/20/1960,Buffalo, NY,,Male,Retired,,,,381,1,0,0,,
260,Gary E. Payton,6/20/1948,Rock Island, IL,,Male,Retired,,,,73,1,0,0,Major,US Air Force
261,Donald H. Peterson,10/22/1933,Winona, MS,7,Male,Retired,1969,,,120,1,4,1,Colonel,US Air Force (Retired)
262,Donald R. Pettit,4/20/1955,Silverton, OR,16,Male,Active,1996,,,8872,3,13,2,,
263,John L. Phillips,4/15/1951,Ft. Belvoir, VA,16,Male,Retired,1996,,,4880,3,5,1,Captain,US Naval Reserves (Retired)
264,William R. Pogue,1/23/1930,Okemah, OK,5,Male,Retired,1966,,,2017,1,13,2,Colonel,US Air Force (Retired)
265,Alan G. Poindexter,11/5/1961,Pasadena, CA,17,Male,Deceased,1998,,7/1/2012,669,2,0,0,Captain,US Navy
266,Mark L. Polansky,6/2/1956,Paterson, NJ,16,Male,Retired,1996,,,995,3,0,0,,
267,Charles J. Precourt,6/29/1955,Waltham, MA,13,Male,Retired,1990,,,950,4,0,0,Colonel,US Air Force (Retired)
268,William F. Readdy,1/24/1952,Quonset Point, RI,12,Male,Retired,1987,,,672,3,0,0,Captain,US Navy (Retired)
269,Kenneth S. Reightler Jr. ,3/24/1951,Patuxent River, MD,12,Male,Retired,1987,,,327,2,0,0,Captain,US Navy (Retired)
270,James F. Reilly II ,3/18/1954,Mountain Home Air Force Base, ID,15,Male,Retired,1995,,,854,3,31,5,,
271,Garrett E. Reisman,2/10/1968,Morristown, NJ,17,Male,Retired,1998,,,2571,2,21,3,,
272,Judith A. Resnik,4/5/1949,Akron, OH,8,Female,Deceased,1978,STS 51-L (Challenger),1/28/1986,144,2,0,0,,
273,Paul W. Richards,5/20/1964,Scranton, PA,16,Male,Management,1996,,,307,1,6,1,,
274,Richard N. Richards,8/24/1946,Key West, FL,9,Male,Retired,1980,,,813,4,0,0,Captain,US Navy (Retired)
275,Sally K. Ride,5/26/1951,Los Angeles, CA,8,Female,Deceased,1978,,7/23/2012,343,2,0,0,,
276,Patricia Hilliard Robertson,3/12/1963,Indiana, PA,17,Female,Deceased,1998,,5/24/2001,0,0,0,0,,
277,Stephen K. Robinson,10/26/1955,Sacramento, CA,15,Male,Retired,1995,,,1162,4,20,3,,
278,Kent V. Rominger,8/7/1956,Del Norte, CO,14,Male,Retired,1992,,,1611,5,0,0,Captain,US Navy (Retired)
279,Stuart A. Roosa,8/16/1933,Durango, CO,5,Male,Deceased,1966,,12/12/1994,216,1,0,0,Colonel,US Air Force (Retired)
280,Jerry L. Ross,1/20/1948,Crown Point, IN,9,Male,Retired,1980,,,1393,7,58,9,Colonel,US Air Force (Retired)
281,Kathleen Rubins,10/14/1978,Farmington, CT,20,Female,Active,2009,,,2762,1,13,2,,
282,Mario Runco Jr. ,1/26/1952,Bronx, NY,12,Male,Management,1987,,04/23/01,551,3,0,0,Lieutenant Commander,US Navy (Retired)
283,Albert Sacco Jr.,5/3/1949,Boston, MA,,Male,Retired,,,,381,1,0,0,,
284,Robert L. Satcher Jr. ,9/22/1965,Hampton, VA,19,Male,Retired,2004,,,259,1,12,2,,
285,Walter M. Schirra Jr. ,3/12/1923,Hackensack, NJ,1,Male,Deceased,1959,,5/2/2007,295,3,0,0,Captain,US Navy (Retired)
286,Harrison H. Schmitt,7/3/1935,Santa Rita, NM,4,Male,Retired,1965,,,301,1,22,3,,
287,Russell L. Schweickart,10/25/1935,Neptune, NJ,3,Male,Retired,1963,,,241,1,1,1,,
288,Francis R. Scobee,5/19/1939,Cle Elum, WA,8,Male,Deceased,1978,STS 51-L (Challenger),1/28/1986,167,2,0,0,Major,US Air Force (Retired)
289,David R. Scott,6/6/1932,San Antonio, TX,3,Male,Retired,1963,,,546,3,19,4,Colonel,US Air Force (Retired)
290,Winston E. Scott,8/6/1950,Miami, FL,14,Male,Retired,1992,,,590,2,19,3,Captain,US Navy (Retired)
291,Paul D. Scully-Power,5/28/1944,Sydney, Australia,,Male,Retired,,,,197,1,0,0,,
292,Richard A. Searfoss,6/5/1956,Mount Clemens, MI,13,Male,Retired,1990,,,939,3,0,0,Colonel,US Air Force (Retired)
293,Margaret Rhea Seddon,11/8/1947,Murfreesboro, TN,8,Female,Retired,1978,,,722,3,0,0,,
294,Elliot M. See Jr. ,7/23/1927,Dallas, TX,2,Male,Deceased,1962,,2/28/1966,0,0,0,0,,
295,Ronald M. Sega,12/4/1952,Cleveland, OH,13,Male,Retired,1990,,,420,2,0,0,Colonel,US Air Force Reserves (Retired)
296,Piers J. Sellers,4/11/1955,Crowborough, England,16,Male,Management,1996,,,839,3,41,6,,
297,Brewster H. Shaw Jr. ,5/16/1945,Cass City, MI,8,Male,Retired,1978,,,533,3,0,0,Colonel,US Air Force (Retired)
298,Alan B. Shepard Jr. ,11/18/1923,East Derry, NH,1,Male,Deceased,1959,,7/21/1998,216,2,9,2,Rear Admiral,US Navy (Retired)
299,William M. Shepherd,7/26/1949,Oak Ridge, TN,10,Male,Retired,1984,,,3823,4,0,0,Captain,US Navy (Retired)
300,Loren J. Shriver,9/23/1944,Jefferson, IA,8,Male,Retired,1978,,,386,3,0,0,Colonel,US Air Force (Retired)
301,Donald K. Slayton,3/1/1924,Sparta, WI,1,Male,Deceased,1959,,6/13/1993,217,1,0,0,Major,US Air Force Reserves
302,Michael J. Smith,4/30/1945,Beaufort, NC,9,Male,Deceased,1980,STS 51-L (Challenger),1/28/1986,0,1,0,0,Captain,US Navy
303,Steven L. Smith,12/30/1958,Phoenix, AZ,14,Male,Management,1992,,,960,4,49,7,,
304,Sherwood C. Spring,9/23/1944,Hartford, CT,9,Male,Retired,1980,,,165,1,12,2,Colonel,US Army (Retired)
305,Robert C. Springer,5/21/1942,St. Louis, MO,9,Male,Retired,1980,,,237,2,0,0,Colonel,US Marine Corps (Retired)
306,Thomas P. Stafford,9/17/1930,Weatherford, OK,2,Male,Retired,1962,,,507,4,0,0,Lieutenant General,US Air Force (Retired)
307,Heidemarie M. Stefanyshyn-Piper,2/7/1963,St. Paul, MN,16,Female,Retired,1996,,,663,2,33,2,Captain,US Navy
308,Robert L. Stewart,8/13/1942,Washington, DC,8,Male,Retired,1978,,,289,2,12,2,Brigadier General,US Army (Retired)
309,Nicole P. Stott,11/19/1962,Albany, NY,18,Female,Active,2000,,,2477,2,6,1,,
310,Frederick W. Sturckow,8/11/1961,La Mesa, CA,15,Male,Retired,1995,,,1233,4,0,0,Colonel,US Marine Corps (Retired)
311,Kathryn D. Sullivan,10/3/1951,Patterson, NJ,8,Female,Retired,1978,,,532,3,3,1,,
312,Steven R. Swanson,12/3/1960,Syracuse, NY,17,Male,Active,1998,,,4700,3,28,5,,
313,John L. Swigert Jr. ,8/30/1931,Denver, CO,5,Male,Deceased,1966,,12/27/1982,142,1,0,0,,
314,Daniel M. Tani,2/1/1961,Ridley Park, PA,16,Male,Retired,1996,,,3162,2,39,6,,
315,Joseph R. Tanner,1/21/1950,Danville, IL,14,Male,Retired,1992,,,1045,4,46,7,,
316,Norman E. Thagard,7/3/1943,Marianna, FL,8,Male,Retired,1978,,,3373,5,0,0,,
317,Andrew S. W. Thomas,12/18/1951,Adelaide, Australia,14,Male,Management,1992,,,4257,4,6,1,,
318,Donald A. Thomas,5/6/1955,Cleveland, OH,13,Male,Retired,1990,,,1040,4,0,0,,
319,Stephen D. Thorne,2/11/1953,Frankfurt, West Germany,11,Male,Deceased,1985,,5/24/1986,0,0,0,0,Lieutenant Commander,US Navy
320,Kathryn C. Thornton,8/17/1952,Montgomery, AL,10,Female,Retired,1984,,,975,4,21,3,,
321,William E. Thornton,4/14/1929,Faison, NC,6,Male,Retired,1967,,,315,2,0,0,,
322,Pierre J. Thuot,5/19/1955,Groton, CT,11,Male,Retired,1985,,,654,3,17,3,Commander,US Navy
323,Scott D. Tingle,7/19/1965,Attleboro, MA,20,Male,Active,2009,,,0,0,0,0,Commander,US Navy
324,Richard H. Truly,11/12/1937,Fayette, MS,7,Male,Retired,1969,,,199,2,0,0,Vice Admiral,US Navy (Retired)
325,Lodewijk van den Berg,3/24/1932,Sluiskil, Netherlands,,Male,Retired,,,,168,1,0,0,,
326,James D. van Hoften,6/11/1944,Fresno, CA,8,Male,Retired,1978,,,338,2,22,4,,
327,Mark T. Vande Hei,11/10/1966,Falls Church, VA,20,Male,Active,2009,,,0,0,0,0,Colonel,US Army
328,Charles Lacy Veach,9/18/1944,Chicago, IL,10,Male,Deceased,1984,,10/3/1995,436,2,0,0,,
329,Terry W. Virts Jr. ,12/1/1967,Baltimore, MD,18,Male,Active,2000,,,5122,2,18,3,Colonel,US Air Force
330,James S. Voss,3/3/1949,Cordova, AL,12,Male,Retired,1987,,,4853,5,22,4,Colonel,US Army (Retired)
331,Janice E. Voss,10/8/1956,South Bend, IN,13,Female,Deceased,1990,,2/6/2012,1179,5,0,0,,
332,Rex J. Walheim,10/10/1962,Redwood, CA,16,Male,Active,1996,,,872,3,36,5,Colonel,US Air Force (Retired)
333,Charles D. Walker,8/29/1948,Bedford, IN,,Male,Retired,,,,477,3,0,0,,
334,David M. Walker,5/20/1944,Columbus, GA,8,Male,Deceased,1978,,4/23/2001,724,4,0,0,Captain,US Navy (Retired)
335,Shannon Walker,6/4/1965,Houston, TX,19,Female,Active,2004,,,3919,1,0,0,,
336,Carl E. Walz,9/6/1955,Cleveland, OH,13,Male,Retired,1990,,,5533,4,19,3,Colonel,US Air Force
337,Taylor G. Wang,6/16/1940,Jiangxi, China,,Male,Retired,,,,168,1,0,0,,
338,Mary E. Weber,8/24/1962,Cleveland, OH,14,Female,Retired,1992,,,450,2,0,0,,
339,Paul J. Weitz,6/25/1932,Erie, PA,5,Male,Retired,1966,,,793,2,2,1,Captain,US Navy (Retired)
340,James D. Wetherbee,11/27/1952,Flushing, NY,10,Male,Retired,1984,,,1594,6,0,0,Captain,US Navy (Retired)
341,Douglas H. Wheelock,5/5/1960,Binghamton, NY,17,Male,Active,1998,,,4281,2,43,6,Colonel,US Army
342,Edward H. White II ,11/14/1930,San Antonio, TX,2,Male,Deceased,1962,Apollo 1,1/27/1967,97,2,0.5,1,Lieutenant Colonel,US Air Force
343,Peggy A. Whitson,2/9/1960,Mt. Ayr, IA,16,Female,Active,1996,,,11698,3,46,7,,
344,Terrence W. Wilcutt,10/31/1949,Russellville, KY,13,Male,Management,1990,,,1008,4,0,0,,
345,Clifton C. Williams Jr. ,9/26/1932,Mobile, AL,3,Male,Deceased,1963,,10/5/1967,0,0,0,0,Major,US Marine Corps
346,Donald E. Williams,2/13/1958,Lafayette, IN,8,Male,Retired,1978,,,287,2,0,0,Captain,US Navy (Retired)
347,Jeffrey N. Williams,1/18/1958,Superior, WI,16,Male,Active,1996,,,12818,4,32,5,Colonel,US Army (Retired)
348,Sunita L. Williams,9/19/1965,Euclid, OH,17,Female,Active,1998,,,7721,2,50,7,Captain,US Navy
349,Barry E. Wilmore,12/29/1962,Murfreesboro, TN,18,Male,Active,2000,,,4272,2,25,4,Captain,US Navy
350,Stephanie D. Wilson,9/27/1966,Boston, MA,16,Female,Active,1996,,,1031,3,0,0,,
351,G. Reid Wiseman,11/11/1975,Baltimore, MD,20,Male,Active,2009,,,3968,1,13,2,Commander,US Navy
352,Peter J. K. Wisoff,8/16/1958,Norfolk, VA,13,Male,Retired,1990,,,1064,4,20,3,,
353,David A. Wolf,8/23/1956,Indianapolis, IN,13,Male,Retired,1990,,,4044,3,41,7,,
354,Neil W. Woodward III ,7/26/1962,Chicago, IL,17,Male,Retired,1998,,,0,0,0,0,Commander,US Navy
355,Alfred M. Worden,2/7/1932,Jackson, MI,5,Male,Retired,1966,,,295,1,0.5,1,Colonel,US Air Force (Retired)
356,John W. Young,9/24/1930,San Francisco, CA,2,Male,Retired,1962,,,835,6,20,3,Captain,US Navy (Retired)
357,George D. Zamka,6/29/1962,Jersey City, NJ,17,Male,Retired,1998,,,692,2,0,0,Colonel,US Marine Corps (Retired)
